UA4402|Алчевська|UA4402001|Alchevska
UA4402|Кадіївська|UA4402005|Kadiivska
UA4402|Зимогір'ївська|UA4402003|Zymohirivska
UA1402|Бахмутська|UA1402001|Bakhmutska
UA1402|Часовоярська|UA1402013|Chasovoiarska
UA1402|Сіверська|UA1402007|Siverska
UA1402|Соледарська|UA1402009|Soledarska
UA1402|Світлодарська|UA1402005|Svitlodarska
UA1402|Торецька|UA1402011|Toretska
UA1402|Званівська|UA1402003|Zvanivska
UA4802|Баштанська|UA4802001|Bashtanska
UA4802|Березнегуватська|UA4802003|Bereznehuvatska
UA4802|Горохівська|UA4802009|Horokhivska
UA4802|Інгульська|UA4802011|Inhulska
UA4802|Казанківська|UA4802013|Kazankivska
UA4802|Новобузька|UA4802015|Novobuzka
UA4802|Привільненська|UA4802017|Pryvilnenska
UA4802|Широківська|UA4802023|Shyrokivska
UA4802|Снігурівська|UA4802019|Snihurivska
UA4802|Софіївська|UA4802021|Sofiivska
UA4802|Вільнозапорізька|UA4802005|Vilnozaporizka
UA4802|Володимирівська|UA4802007|Volodymyrivska
UA2302|Андріївська|UA2302003|Andriivska
UA2302|Андрівська|UA2302001|Andrivska
UA2302|Бердянська|UA2302005|Berdianska
UA2302|Берестівська|UA2302007|Berestivska
UA2302|Чернігівська|UA2302015|Chernihivska
UA2302|Коларівська|UA2302009|Kolarivska
UA2302|Осипенківська|UA2302011|Osypenkivska
UA2302|Приморська|UA2302013|Prymorska
UA1802|Андрушівська|UA1802001|Andrushivska
UA1802|Бердичівська|UA1802003|Berdychivska
UA1802|Червоненська|UA1802017|Chervonenska
UA1802|Гришковецька|UA1802007|Hryshkovetska
UA1802|Краснопільська|UA1802009|Krasnopilska
UA1802|Райгородоцька|UA1802011|Raihorodotska
UA1802|Ружинська|UA1802013|Ruzhynska
UA1802|Семенівська|UA1802015|Semenivska
UA1802|Швайківська|UA1802019|Shvaikivska
UA1802|Вчорайшенська|UA1802005|Vchoraishenska
UA2102|Батівська|UA2102001|Bativska
UA2102|Берегівська|UA2102003|Berehivska
UA2102|Кам'янська|UA2102013|Kamianska
UA2102|Королівська|UA2102015|Korolivska
UA2102|Косоньська|UA2102017|Kosonska
UA2102|Пийтерфолвівська|UA2102019|Pyiterfolvivska
UA2102|Великоберезька|UA2102005|Velykoberezka
UA2102|Великобийганська|UA2102007|Velykobyihanska
UA2102|Вилоцька|UA2102009|Vylotska
UA2102|Виноградівська|UA2102011|Vynohradivska
UA5102|Андрієво-Іванівська|UA5102001|Andriievo-Ivanivska
UA5102|Березівська|UA5102003|Berezivska
UA5102|Чогодарівська|UA5102029|Chohodarivska
UA5102|Іванівська|UA5102009|Ivanivska
UA5102|Коноплянська|UA5102011|Konoplianska
UA5102|Курісовська|UA5102013|Kurisovska
UA5102|Миколаївська|UA5102015|Mykolaivska
UA5102|Новокальчевська|UA5102017|Novokalchevska
UA5102|Петровірівська|UA5102019|Petrovirivska
UA5102|Раухівська|UA5102021|Raukhivska
UA5102|Розквітівська|UA5102023|Rozkvitivska
UA5102|Ширяївська|UA5102031|Shyriaivska
UA5102|Старомаяківська|UA5102025|Staromaiakivska
UA5102|Стрюківська|UA5102027|Striukivska
UA5102|Великобуялицька|UA5102005|Velykobuialytska
UA5102|Знам'янська|UA5102007|Znamianska
UA6502|Бериславська|UA6502001|Beryslavska
UA6502|Борозенська|UA6502003|Borozenska
UA6502|Калинівська|UA6502009|Kalynivska
UA6502|Кочубеївська|UA6502011|Kochubeivska
UA6502|Милівська|UA6502013|Mylivska
UA6502|Новоолександрівська|UA6502017|Novooleksandrivska
UA6502|Новорайська|UA6502019|Novoraiska
UA6502|Нововоронцовська|UA6502015|Novovorontsovska
UA6502|Тягинська|UA6502021|Tiahynska
UA6502|Великоолександрівська|UA6502005|Velykooleksandrivska
UA6502|Високопільська|UA6502007|Vysokopilska
UA5104|Білгород-Дністровська|UA5104001|Bilhorod-Dnistrovska
UA5104|Дивізійська|UA5104003|Dyviziiska
UA5104|Кароліно-Бугазька|UA5104005|Karolino-Buhazka
UA5104|Кулевчанська|UA5104007|Kulevchanska
UA5104|Лиманська|UA5104009|Lymanska
UA5104|Маразліївська|UA5104011|Marazliivska
UA5104|Мологівська|UA5104013|Molohivska
UA5104|Петропавлівська|UA5104015|Petropavlivska
UA5104|Плахтіївська|UA5104017|Plakhtiivska
UA5104|Саратська|UA5104019|Saratska
UA5104|Сергіївська|UA5104021|Serhiivska
UA5104|Шабівська|UA5104031|Shabivska
UA5104|Старокозацька|UA5104023|Starokozatska
UA5104|Татарбунарська|UA5104025|Tatarbunarska
UA5104|Тузлівська|UA5104027|Tuzlivska
UA5104|Успенівська|UA5104029|Uspenivska
UA3202|Білоцерківська|UA3202001|Bilotserkivska
UA3202|Фурсівська|UA3202025|Fursivska
UA3202|Гребінківська|UA3202005|Hrebinkivska
UA3202|Ковалівська|UA3202007|Kovalivska
UA3202|Маловільшанська|UA3202009|Malovilshanska
UA3202|Медвинська|UA3202011|Medvynska
UA3202|Рокитнянська|UA3202013|Rokytnianska
UA3202|Сквирська|UA3202015|Skvyrska
UA3202|Ставищенська|UA3202017|Stavyshchenska
UA3202|Таращанська|UA3202019|Tarashchanska
UA3202|Тетіївська|UA3202021|Tetiivska
UA3202|Узинська|UA3202023|Uzynska
UA3202|Володарська|UA3202003|Volodarska
UA6302|Богодухівська|UA6302001|Bohodukhivska
UA6302|Коломацька|UA6302007|Kolomatska
UA6302|Краснокутська|UA6302009|Krasnokutska
UA6302|Валківська|UA6302003|Valkivska
UA6302|Золочівська|UA6302005|Zolochivska
UA5106|Арцизька|UA5106001|Artsyzka
UA5106|Болградська|UA5106003|Bolhradska
UA5106|Бородінська|UA5106005|Borodinska
UA5106|Городненська|UA5106009|Horodnenska
UA5106|Криничненська|UA5106011|Krynychnenska
UA5106|Кубейська|UA5106013|Kubeiska
UA5106|Павлівська|UA5106015|Pavlivska
UA5106|Тарутинська|UA5106017|Tarutynska
UA5106|Теплицька|UA5106019|Teplytska
UA5106|Василівська|UA5106007|Vasylivska
UA3204|Бориспільська|UA3204001|Boryspilska
UA3204|Дівичківська|UA3204007|Divychkivska
UA3204|Гірська|UA3204005|Hirska
UA3204|Переяславська|UA3204011|Pereiaslavсska
UA3204|Пристолична|UA3204013|Prystolychna
UA3204|Студениківська|UA3204015|Studenykivska
UA3204|Ташанська|UA3204017|Tashanska
UA3204|Циблівська|UA3204019|Tsyblivska
UA3204|Вороньківська|UA3204003|Voronkivska
UA3204|Яготинська|UA3204021|Yahotynska
UA3204|Золочівська|UA3204009|Zolochivska
UA3206|Баришівська|UA3206001|Baryshivska
UA3206|Березанська|UA3206003|Berezanska
UA3206|Броварська|UA3206005|Brovarska
UA3206|Калинівська|UA3206013|Kalynivska
UA3206|Калитянська|UA3206015|Kalytianska
UA3206|Великодимерська|UA3206007|Velykodymerska
UA3206|Зазимська|UA3206009|Zazymska
UA3206|Згурівська|UA3206011|Zghurivska
UA3208|Білогородська|UA3208001|Bilohorodska
UA3208|Бородянська|UA3208003|Borodianska
UA3208|Борщагівська|UA3208005|Borshchahivska
UA3208|Бучанська|UA3208007|Buchanska
UA3208|Дмитрівська|UA3208013|Dmytrivska
UA3208|Гостомельська|UA3208011|Hostomelska
UA3208|Ірпінська|UA3208015|Irpinska
UA3208|Коцюбинська|UA3208017|Kotsiubynska
UA3208|Макарівська|UA3208019|Makarivska
UA3208|Немішаївська|UA3208021|Nemishaivska
UA3208|Пісківська|UA3208023|Piskivska
UA3208|Вишнева|UA3208009|Vyshneva
UA7108|Балаклеївська|UA7108001|Balakleivska
UA7108|Березняківська|UA7108003|Berezniakivska
UA7108|Білозірська|UA7108005|Bilozirska
UA7108|Бобрицька|UA7108007|Bobrytska
UA7108|Будищенська|UA7108009|Budyshchenska
UA7108|Черкаська|UA7108049|Cherkaska
UA7108|Червонослобідська|UA7108047|Chervonoslobidska
UA7108|Чигиринська|UA7108051|Chyhyrynska
UA7108|Городищенська|UA7108011|Horodyshchenska
UA7108|Кам'янська|UA7108013|Kamianska
UA7108|Канівська|UA7108015|Kanivska
UA7108|Корсунь-Шевченківська|UA7108017|Korsun-Shevchenkivska
UA7108|Леськівська|UA7108019|Leskivska
UA7108|Ліплявська|UA7108021|Lipliavska
UA7108|Медведівська|UA7108023|Medvedivska
UA7108|Мліївська|UA7108027|Mliivska
UA7108|Мошнівська|UA7108029|Moshnivska
UA7108|Михайлівська|UA7108025|Mykhailivska
UA7108|Набутівська|UA7108031|Nabutivska
UA7108|Ротмістрівська|UA7108033|Rotmistrivska
UA7108|Руськополянська|UA7108035|Ruskopolianska
UA7108|Сагунівська|UA7108037|Sahunivska
UA7108|Смілянська|UA7108039|Smilianska
UA7108|Степанецька|UA7108041|Stepanetska
UA7108|Степанківська|UA7108043|Stepankivska
UA7108|Тернівська|UA7108045|Ternivska
UA7410|Березнянська|UA7410001|Bereznianska
UA7410|Чернігівська|UA7410039|Chernihivska
UA7410|Деснянська|UA7410007|Desnianska
UA7410|Добрянська|UA7410009|Dobrianska
UA7410|Гончарівська|UA7410003|Honcharivska
UA7410|Городнянська|UA7410005|Horodnianska
UA7410|Іванівська|UA7410011|Ivanivska
UA7410|Кіптівська|UA7410017|Kiptivska
UA7410|Козелецька|UA7410019|Kozeletska
UA7410|Куликівська|UA7410021|Kulykivska
UA7410|Киїнська|UA7410013|Kyinska
UA7410|Киселівська|UA7410015|Kyselivska
UA7410|Любецька|UA7410023|Liubetska
UA7410|Михайло-Коцюбинська|UA7410025|Mykhailo-Kotsiubynska
UA7410|Новобілоуська|UA7410027|Novobilouska
UA7410|Олишівська|UA7410029|Olyshivska
UA7410|Остерська|UA7410031|Osterska
UA7410|Ріпкинська|UA7410033|Ripkynska
UA7410|Седнівська|UA7410035|Sednivska
UA7410|Тупичівська|UA7410037|Tupychivska
UA4612|Белзька|UA4612001|Belzka
UA4612|Червоноградська|UA4612013|Chervonohradska
UA4612|Добротвірська|UA4612005|Dobrotvirska
UA4612|Лопатинська|UA4612007|Lopatynska
UA4612|Радехівська|UA4612009|Radekhivska
UA4612|Сокальська|UA4612011|Sokalska
UA4612|Великомостівська|UA4612003|Velykomostivska
UA6106|Більче-Золотецька|UA6106003|Bilche-Zolotetska
UA6106|Білобожницька|UA6106001|Bilobozhnytska
UA6106|Борщівська|UA6106005|Borshchivska
UA6106|Бучацька|UA6106007|Buchatska
UA6106|Чортківська|UA6106043|Chortkivska
UA6106|Гримайлівська|UA6106011|Hrymailivska
UA6106|Гусятинська|UA6106013|Husiatynska
UA6106|Іване-Пустенська|UA6106021|Ivane-Pustenska
UA6106|Хоростківська|UA6106041|Khorostkivska
UA6106|Колиндянська|UA6106023|Kolyndianska
UA6106|Копичинецька|UA6106025|Kopychynetska
UA6106|Коропецька|UA6106027|Koropetska
UA6106|Мельнице-Подільська|UA6106029|Melnytse-Podilska
UA6106|Монастириська|UA6106031|Monastyryska
UA6106|Нагірянська|UA6106033|Nahirianska
UA6106|Скала-Подільська|UA6106035|Skala-Podilska
UA6106|Товстенська|UA6106037|Tovstenska
UA6106|Трибухівська|UA6106039|Trybukhivska
UA6106|Васильковецька|UA6106009|Vasylkovetska
UA6106|Заліщицька|UA6106017|Zalishchytska
UA6106|Заводська|UA6106015|Zavodska
UA6106|Золотопотіцька|UA6106019|Zolotopotitska
UA6314|Чкаловська|UA6314015|Chkalovska
UA6314|Чугуївська|UA6314017|Chuhuivska
UA6314|Малинівська|UA6314005|Malynivska
UA6314|Новопокровська|UA6314007|Novopokrovska
UA6314|Печенізька|UA6314009|Pechenizka
UA6314|Слобожанська|UA6314011|Slobozhanska
UA6314|Старосалтівська|UA6314013|Starosaltivska
UA6314|Вовчанська|UA6314001|Vovchanska
UA6314|Зміївська|UA6314003|Zmiivska
UA7306|Боянська|UA7306001|Boianska
UA7306|Чагорська|UA7306059|Chahorska
UA7306|Чернівецька|UA7306061|Chernivetska
UA7306|Чудейська|UA7306063|Chudeiska
UA7306|Герцаївська|UA7306013|Hertsaivska
UA7306|Глибоцька|UA7306015|Hlybotska
UA7306|Горішньошеровецька|UA7306017|Horishnosherovetska
UA7306|Кадубовецька|UA7306021|Kadubovetska
UA7306|Кам'янецька|UA7306023|Kamianetska
UA7306|Кам'янська|UA7306025|Kamianska
UA7306|Карапчівська|UA7306027|Karapchivska
UA7306|Кіцманська|UA7306029|Kitsmanska
UA7306|Кострижівська|UA7306031|Kostryzhivska
UA7306|Красноїльська|UA7306033|Krasnoilska
UA7306|Магальська|UA7306035|Mahalska
UA7306|Мамаївська|UA7306037|Mamaivska
UA7306|Неполоковецька|UA7306039|Nepolokovetska
UA7306|Новоселицька|UA7306041|Novoselytska
UA7306|Острицька|UA7306043|Ostrytska
UA7306|Петровецька|UA7306045|Petrovetska
UA7306|Ставчанська|UA7306047|Stavchanska
UA7306|Сторожинецька|UA7306049|Storozhynetska
UA7306|Сучевенська|UA7306051|Suchevenska
UA7306|Тарашанська|UA7306053|Tarashanska
UA7306|Тереблеченська|UA7306055|Tereblechenska
UA7306|Топорівська|UA7306057|Toporivska
UA7306|Ванчиковецька|UA7306003|Vanchykovetska
UA7306|Великокучурівська|UA7306005|Velykokuchurivska
UA7306|Веренчанська|UA7306007|Verenchanska
UA7306|Вікнянська|UA7306009|Viknianska
UA7306|Волоківська|UA7306011|Volokivska
UA7306|Юрковецька|UA7306065|Yurkovetska
UA7306|Заставнівська|UA7306019|Zastavnivska
UA1202|Чумаківська|UA1202033|Chumakivska
UA1202|Дніпровська|UA1202001|Dniprovska
UA1202|Китайгородська|UA1202003|Kytaihorodska
UA1202|Ляшківська|UA1202007|Liashkivska
UA1202|Любимівська|UA1202005|Liubymivska
UA1202|Могилівська|UA1202011|Mohylivska
UA1202|Миколаївська|UA1202009|Mykolaivska
UA1202|Новоолександрівська|UA1202013|Novooleksandrivska
UA1202|Новопокровська|UA1202015|Novopokrovska
UA1202|Обухівська|UA1202017|Obukhivska
UA1202|Петриківська|UA1202019|Petrykivska
UA1202|Підгородненська|UA1202021|Pidhorodnenska
UA1202|Слобожанська|UA1202025|Slobozhanska
UA1202|Солонянська|UA1202027|Solonianska
UA1202|Сурсько-Литовська|UA1202029|Sursko-Lytovska
UA1202|Святовасилівська|UA1202023|Sviatovasylivska
UA1202|Царичанська|UA1202031|Tsarychanska
UA7304|Кельменецька|UA7304003|Kelmenetska
UA7304|Хотинська|UA7304019|Khotynska
UA7304|Клішковецька|UA7304005|Klishkovetska
UA7304|Лівинецька|UA7304007|Livynetska
UA7304|Мамалигівська|UA7304009|Mamalyhivska
UA7304|Недобоївська|UA7304011|Nedoboivska
UA7304|Новодністровська|UA7304013|Novodnistrovska
UA7304|Рукшинська|UA7304015|Rukshynska
UA7304|Сокирянська|UA7304017|Sokyrianska
UA7304|Вашковецька|UA7304001|Vashkovetska
UA1408|Амвросіївська|UA1408001|Amvrosiivska
UA1408|Донецька|UA1408003|Donetska
UA1408|Іловайська|UA1408005|Ilovaiska
UA1408|Харцизька|UA1408009|Khartsyzka
UA1408|Макіївська|UA1408007|Makiivska
UA1408|Ясинуватська|UA1408011|Yasynuvatska
UA4404|Довжанська|UA4404001|Dovzhanska
UA4404|Сорокинська|UA4404003|Sokyrianska
UA4602|Бориславська|UA4602001|Boryslavska
UA4602|Дрогобицька|UA4602003|Drohobytska
UA4602|Меденицька|UA4602005|Medenytska
UA4602|Східницька|UA4602007|Skhidnytska
UA4602|Трускавецька|UA4602009|Truskavetska
UA5604|Бокіймівська|UA5604001|Bokiimivska
UA5604|Боремельська|UA5604003|Boremelska
UA5604|Демидівська|UA5604009|Demydivska
UA5604|Дубенська|UA5604011|Dubenska
UA5604|Козинська|UA5604013|Kozynska
UA5604|Крупецька|UA5604015|Krupetska
UA5604|Млинівська|UA5604019|Mlynivska
UA5604|Мирогощанська|UA5604017|Myrohoshchanska
UA5604|Острожецька|UA5604021|Ostrozhetska
UA5604|Підлозцівська|UA5604023|Pidloztsivska
UA5604|Повчанська|UA5604025|Povchanska
UA5604|Привільненська|UA5604027|Pryvilnenska
UA5604|Радивилівська|UA5604029|Radyvylivska
UA5604|Семидубська|UA5604031|Semydubska
UA5604|Смизька|UA5604033|Smyzka
UA5604|Тараканівська|UA5604035|Tarakanivska
UA5604|Варковицька|UA5604005|Varkovytska
UA5604|Вербська|UA5604007|Verbska
UA5604|Ярославицька|UA5604037|Yaroslavytska
UA3214|Боярська|UA3214003|Boiarska
UA3214|Бишівська|UA3214001|Byshivska
UA3214|Чабанівська|UA3214017|Chabanivska
UA3214|Фастівська|UA3214015|Fastivska
UA3214|Гатненська|UA3214005|Hatnenska
UA3214|Глевахівська|UA3214007|Hlevakhivska
UA3214|Калинівська|UA3214009|Kalynivska
UA3214|Кожанська|UA3214011|Kozhanska
UA3214|Томашівська|UA3214013|Tomashivska
UA0504|Бершадська|UA0504001|Bershadska
UA0504|Чечельницька|UA0504027|Chechelnytska
UA0504|Дашівська|UA0504005|Dashivska
UA0504|Джулинська|UA0504007|Dzhulynska
UA0504|Гайсинська|UA0504003|Haisynska
UA0504|Краснопільська|UA0504009|Krasnopilska
UA0504|Кунківська|UA0504011|Kunkivska
UA0504|Ладижинська|UA0504013|Ladyzhynska
UA0504|Ободівська|UA0504015|Obodivska
UA0504|Ольгопільська|UA0504017|Olhopilska
UA0504|Райгородська|UA0504019|Raihorodska
UA0504|Соболівська|UA0504021|Sobolivska
UA0504|Теплицька|UA0504023|Teplytska
UA0504|Тростянецька|UA0504025|Trostianetska
UA6504|Генічеська|UA6504001|Henicheska
UA6504|Іванівська|UA6504003|Ivanivska
UA6504|Новотроїцька|UA6504007|Novotroitska
UA6504|Нижньосірогозька|UA6504005|Nyzhnosirohozka
UA3502|Благовіщенська|UA3502001|Blahovishchenska
UA3502|Гайворонська|UA3502005|Haivoronska
UA3502|Голованівська|UA3502007|Holovanivska
UA3502|Надлацька|UA3502011|Nadlatska
UA3502|Новоархангельська|UA3502013|Novoarkhanhelska
UA3502|Перегонівська|UA3502015|Perehonivska
UA3502|Підвисоцька|UA3502017|Pidvysotska
UA3502|Побузька|UA3502019|Pobuzka
UA3502|Вільшанська|UA3502003|Vilshanska
UA3502|Заваллівська|UA3502009|Zavallivska
UA1406|Чистяківська|UA1406015|Chystiakivska
UA1406|Дебальцівська|UA1406005|Debaltsivska
UA1406|Горлівська|UA1406003|Horlivska
UA1406|Хрестівська|UA1406013|Khrestivska
UA1406|Шахтарська|UA1406017|Shakhtarska
UA1406|Сніжнянська|UA1406011|Snizhnianska
UA1406|Вуглегірська|UA1406001|Vuhlehirska
UA1406|Єнакієвська|UA1406007|Yenakiievska
UA1406|Жданівська|UA1406009|Zhdanivska
UA2604|Більшівцівська|UA2604001|Bilshivtsivska
UA2604|Богородчанська|UA2604003|Bohorodchanska
UA2604|Букачівська|UA2604005|Bukachivska
UA2604|Бурштинська|UA2604007|Burshtynska
UA2604|Дубовецька|UA2604013|Dubovetska
UA2604|Дзвиняцька|UA2604011|Dzvyniatska
UA2604|Галицька|UA2604009|Halytska
UA2604|Івано-Франківська|UA2604019|Ivano-Frankivska
UA2604|Лисецька|UA2604021|Lysetska
UA2604|Обертинська|UA2604023|Obertynska
UA2604|Олешанська|UA2604025|Oleshanska
UA2604|Рогатинська|UA2604027|Rohatynska
UA2604|Солотвинська|UA2604029|Solotvynska
UA2604|Старобогородчанська|UA2604031|Starobohorodchanska
UA2604|Тлумацька|UA2604035|Tlumatska
UA2604|Тисменицька|UA2604033|Tysmenytska
UA2604|Угринівська|UA2604037|Uhrynivska
UA2604|Ямницька|UA2604039|Yamnytska
UA2604|Єзупільська|UA2604015|Yezupilska
UA2604|Загвіздянська|UA2604017|Zahvizdianska
UA6304|Балаклійська|UA6304001|Balakliiska
UA6304|Барвінківська|UA6304003|Barvinkivska
UA6304|Борівська|UA6304005|Borivska
UA6304|Донецька|UA6304007|Donetska
UA6304|Ізюмська|UA6304009|Iziumska
UA6304|Куньєвська|UA6304011|Kunievska
UA6304|Оскільська|UA6304013|Oskilska
UA6304|Савинська|UA6304015|Savynska
UA5108|Ізмаїльська|UA5108003|Izmailska
UA5108|Кілійська|UA5108005|Kiliiska
UA5108|Ренійська|UA5108007|Reniiska
UA5108|Саф'янівська|UA5108009|Safianivska
UA5108|Суворовська|UA5108011|Suvorovska
UA5108|Вилківська|UA5108001|Vylkivska
UA6506|Асканія-Нова|UA6506001|Askaniia-Nova
UA6506|Чаплинська|UA6506029|Chaplynska
UA6506|Горностаївська|UA6506007|Hornostaivska
UA6506|Каховська|UA6506011|Kakhovska
UA6506|Хрестівська|UA6506027|Khrestivska
UA6506|Костянтинівська|UA6506013|Kostiantynivska
UA6506|Любимівська|UA6506015|Liubymivska
UA6506|Новокаховська|UA6506017|Novokakhovska
UA6506|Присиваська|UA6506019|Prysyvaska
UA6506|Рубанівська|UA6506021|Rubanivska
UA6506|Таврійська|UA6506025|Tavriiska
UA6506|Тавричанська|UA6506023|Tavrychanska
UA6506|Великолепетиська|UA6506003|Velykolepetyska
UA6506|Верхньорогачицька|UA6506005|Verkhnorohachytska
UA6506|Зеленопідська|UA6506009|Zelenopidska
UA1410|Бойківська|UA1410001|Boikivska
UA1410|Докучаєвська|UA1410003|Dokuchaievska
UA1410|Кальміуська|UA1410005|Kalmiuska
UA1410|Новоазовська|UA1410007|Novoazovska
UA1410|Старобешівська|UA1410009|Starobeshivska
UA2606|Болехівська|UA2606001|Bolekhivska
UA2606|Брошнів-Осадська|UA2606003|Broshniv-Osadska
UA2606|Долинська|UA2606013|Dolynska
UA2606|Дубівська|UA2606015|Dubivska
UA2606|Калуська|UA2606017|Kaluska
UA2606|Новицька|UA2606019|Novytska
UA2606|Перегінська|UA2606021|Perehinska
UA2606|Рожнятівська|UA2606023|Rozhniativska
UA2606|Спаська|UA2606025|Spaska
UA2606|Верхнянська|UA2606005|Verkhnianska
UA2606|Войнилівська|UA2606011|Voinylivska
UA2606|Вигодська|UA2606007|Vyhodska
UA2606|Витвицька|UA2606009|Vytvytska
UA6802|Чемеровецька|UA6802029|Chemerovetska
UA6802|Дунаєвецька|UA6802005|Dunaievetska
UA6802|Гуківська|UA6802001|Hukivska
UA6802|Гуменецька|UA6802003|Humenetska
UA6802|Кам'янець-Подільська|UA6802011|Kamianets-Podilska
UA6802|Китайгородська|UA6802013|Kytaihorodska
UA6802|Маківська|UA6802015|Makivska
UA6802|Новодунаєвецька|UA6802017|Novounaievetska
UA6802|Новоушицька|UA6802019|Novoushytska
UA6802|Орининська|UA6802021|Orynynska
UA6802|Слобідсько-Кульчієвецька|UA6802023|Slobidsko-Kulchiievetska
UA6802|Смотрицька|UA6802025|Smotrytska
UA6802|Староушицька|UA6802027|Staroushytska
UA6802|Закупненська|UA6802009|Zakupnenska
UA6802|Жванецька|UA6802007|Zhvanetska
UA1204|Божедарівська|UA1204001|Bozhedarivska
UA1204|Кам'янська|UA1204015|Kamianska
UA1204|Криничанська|UA1204017|Krynychanska
UA1204|Лихівська|UA1204019|Lykhivska
UA1204|П'ятихатська|UA1204021|Piatykhatska
UA1204|Саксаганська|UA1204023|Saksahanska
UA1204|Верхівцівська|UA1204003|Verkhivtsivska
UA1204|Верхньодніпровська|UA1204005|Verkhnodniprovska
UA1204|Вільногірська|UA1204009|Vilnohirska
UA1204|Вишнівська|UA1204007|Vyshnivska
UA1204|Затишнянська|UA1204013|Zatyshnianska
UA1204|Жовтоводська|UA1204011|Zhovtovodska
UA0704|Камінь-Каширська|UA0704001|Kamin-Kashyrska
UA0704|Любешівська|UA0704003|Liubeshivska
UA0704|Маневицька|UA0704005|Manevytska
UA0704|Прилісненська|UA0704007|Prylisnenska
UA0704|Сошичненська|UA0704009|Soshychnenska
UA6312|Безлюдівська|UA6312001|Bezliudivska
UA6312|Дергачівська|UA6312007|Derhachivska
UA6312|Харківська|UA6312027|Kharkivska
UA6312|Люботинська|UA6312011|Liubotynska
UA6312|Липецька|UA6312009|Lypetska
UA6312|Малоданилівська|UA6312013|Malodanylivska
UA6312|Мереф'янська|UA6312015|Merefianska
UA6312|Нововодолазька|UA6312017|Novovodolazka
UA6312|Пісочинська|UA6312021|Pisochynska
UA6312|Південноміська|UA6312019|Pivdennomiska
UA6312|Роганська|UA6312023|Rohanska
UA6312|Солоницівська|UA6312025|Solonytsivska
UA6312|Циркунівська|UA6312029|Tsyrkunivska
UA6312|Вільхівська|UA6312005|Vilkhivska
UA6312|Височанська|UA6312003|Vysochanska
UA6510|Білозерська|UA6510001|Bilozerska
UA6510|Чорнобаївська|UA6510017|Chornobaivska
UA6510|Дар'ївська|UA6510007|Darivska
UA6510|Херсонська|UA6510015|Khersonska
UA6510|Музиківська|UA6510009|Muzykivska
UA6510|Олешківська|UA6510011|Oleshkivska
UA6510|Станіславська|UA6510013|Stanislavska
UA6510|Великокопанівська|UA6510003|Velykokopanivska
UA6510|Виноградівська|UA6510005|Vynohradivska
UA6510|Ювілейна|UA6510019|Yuvileina
UA6804|Антонінська|UA6804001|Antoninska
UA6804|Чорноострівська|UA6804049|Chornoostrivska
UA6804|Деражнянська|UA6804015|Derazhnianska
UA6804|Городоцька|UA6804013|Horodotska
UA6804|Гвардійська|UA6804011|Hvardiiska
UA6804|Хмельницька|UA6804047|Khmelnytska
UA6804|Красилівська|UA6804021|Krasylivska
UA6804|Летичівська|UA6804023|Letychivska
UA6804|Лісовогринівецька|UA6804025|Lisovohrynivetska
UA6804|Меджибізька|UA6804027|Medzhybizka
UA6804|Миролюбненська|UA6804029|Myroliubnenska
UA6804|Наркевицька|UA6804031|Narkevytska
UA6804|Розсошанська|UA6804033|Rozsoshanska
UA6804|Сатанівська|UA6804035|Satanivska
UA6804|Щиборівська|UA6804051|Shchyborivska
UA6804|Солобковецька|UA6804037|Solobkovetska
UA6804|Старокостянтинівська|UA6804039|Starokostiantynivska
UA6804|Староостропільська|UA6804041|Staroostropilska
UA6804|Старосинявська|UA6804043|Starosyniavska
UA6804|Теофіпольська|UA6804045|Teofipolska
UA6804|Війтовецька|UA6804003|Viitovetska
UA6804|Віньковецька|UA6804005|Vinkovetska
UA6804|Волочиська|UA6804009|Volochyska
UA6804|Вовковинецька|UA6804007|Vovkovynetska
UA6804|Ярмолинецька|UA6804053|Yarmolynetska
UA6804|Заслучненська|UA6804017|Zasluchnenska
UA6804|Зіньківська|UA6804019|Zinkivska
UA0512|Глуховецька|UA0512001|Hlukhovetska
UA0512|Іванівська|UA0512005|Ivanivska
UA0512|Калинівська|UA0512007|Kalynivska
UA0512|Хмільницька|UA0512017|Khmilnytska
UA0512|Козятинська|UA0512009|Koziatynska
UA0512|Махнівська|UA0512011|Makhnivska
UA0512|Самгородоцька|UA0512013|Samhorodotska
UA0512|Уланівська|UA0512015|Ulanivska
UA0512|Жданівська|UA0512003|Zhdanivska
UA2112|Білківська|UA2112001|Bilkivska
UA2112|Довжанська|UA2112007|Dovzhanska
UA2112|Драгівська|UA2112009|Drahivska
UA2112|Горінчівська|UA2112005|Horinchivska
UA2112|Іршавська|UA2112013|Irshavska
UA2112|Керецьківська|UA2112015|Keretskivska
UA2112|Хустська|UA2112025|Khustska
UA2112|Колочавська|UA2112017|Kolochavska
UA2112|Міжгірська|UA2112019|Mizhhirska
UA2112|Пилипецька|UA2112021|Pylypetska
UA2112|Синевирська|UA2112023|Synevyrska
UA2112|Вишківська|UA2112003|Vyshkivska
UA2112|Зарічанська|UA2112011|Zarichanska
UA2608|Чернелицька|UA2608025|Chernelytska
UA2608|Городенківська|UA2608003|Horodenkivska
UA2608|Гвіздецька|UA2608001|Hvizdetska
UA2608|Коломийська|UA2608007|Kolomyiska
UA2608|Коршівська|UA2608009|Korshivska
UA2608|Матеївецька|UA2608011|Mateievetska
UA2608|Нижньовербізька|UA2608013|Nyzhnoverbizka
UA2608|Отинійська|UA2608015|Otyniiska
UA2608|Печеніжинська|UA2608017|Pechenizhynska
UA2608|П'ядицька|UA2608021|Piadytska
UA2608|Підгайчиківська|UA2608019|Pidhaichykivska
UA2608|Снятинська|UA2608023|Sniatynska
UA2608|Заболотівська|UA2608005|Zabolotivska
UA5902|Бочечківська|UA5902001|Bochechkivska
UA5902|Буринська|UA5902003|Burynska
UA5902|Дубов'язівська|UA5902005|Duboviazivska
UA5902|Конотопська|UA5902007|Konotopska
UA5902|Кролевецька|UA5902009|Krolevetska
UA5902|Новослобідська|UA5902011|Novoslobidska
UA5902|Попівська|UA5902013|Popivska
UA5902|Путивльська|UA5902015|Putyvlska
UA7402|Холминська|UA7402009|Kholmynska
UA7402|Корюківська|UA7402001|Koriukivska
UA7402|Менська|UA7402003|Menska
UA7402|Сновська|UA7402005|Snovska
UA7402|Сосницька|UA7402007|Sosnytska
UA1806|Білокоровицька|UA1806001|Bilokorovytska
UA1806|Чоповицька|UA1806025|Chopovytska
UA1806|Гладковицька|UA1806003|Hladkovytska
UA1806|Горщиківська|UA1806005|Horshchykivska
UA1806|Іршанська|UA1806007|Irshanska
UA1806|Коростенська|UA1806009|Korostenska
UA1806|Лугинська|UA1806011|Luhynska
UA1806|Малинська|UA1806013|Malynska
UA1806|Народицька|UA1806015|Narodytska
UA1806|Олевська|UA1806019|Olevska
UA1806|Овруцька|UA1806017|Ovrutska
UA1806|Словечанська|UA1806021|Slovechanska
UA1806|Ушомирська|UA1806023|Ushomyrska
UA2610|Косівська|UA2610001|Kosivska
UA2610|Космацька|UA2610003|Kosmatska
UA2610|Кутська|UA2610005|Kutska
UA2610|Рожнівська|UA2610007|Rozhnivska
UA2610|Яблунівська|UA2610009|Yablunivska
UA0706|Дубечненська|UA0706011|Dubechnenska
UA0706|Дубівська|UA0706013|Dubivska
UA0706|Голобська|UA0706007|Holobska
UA0706|Головненська|UA0706009|Holovnenska
UA0706|Колодяжненська|UA0706021|Kolodiazhnenska
UA0706|Ковельська|UA0706019|Kovelska
UA0706|Люблинецька|UA0706025|Liublynetska
UA0706|Любомльська|UA0706027|Liubomlska
UA0706|Луківська|UA0706023|Lukivska
UA0706|Поворська|UA0706029|Povorska
UA0706|Ратнівська|UA0706031|Ratnivska
UA0706|Рівненська|UA0706033|Rivnenska
UA0706|Самарівська|UA0706035|Samarivska
UA0706|Сереховичівська|UA0706037|Serekhovychivska
UA0706|Шацька|UA0706045|Shatska
UA0706|Смідинська|UA0706039|Smidynska
UA0706|Старовижівська|UA0706041|Starovyzhivska
UA0706|Турійська|UA0706043|Turiiska
UA0706|Велимченська|UA0706001|Velymchenska
UA0706|Велицька|UA0706003|Velytska
UA0706|Вишнівська|UA0706005|Vyshnivska
UA0706|Заболоттівська|UA0706015|Zabolottivska
UA0706|Забродівська|UA0706017|Zabrodivska
UA1412|Андріївська|UA1412001|Andriivska
UA1412|Черкаська|UA1412023|Cherkaska
UA1412|Дружківська|UA1412003|Druzhkivska
UA1412|Іллінівська|UA1412005|Illinivska
UA1412|Костянтинівська|UA1412007|Kostiantynivska
UA1412|Краматорська|UA1412009|Kramatorska
UA1412|Лиманська|UA1412011|Lymanska
UA1412|Миколаївська|UA1412013|Mykolaivska
UA1412|Новодонецька|UA1412015|Novodonetska
UA1412|Олександрівська|UA1412017|Oleksandrivska
UA1412|Слов'янська|UA1412021|Slovianska
UA1412|Святогірська|UA1412019|Sviatohirska
UA6306|Кегичівська|UA6306003|Kehychivska
UA6306|Красноградська|UA6306005|Krasnohradska
UA6306|Наталинська|UA6306007|Natalynska
UA6306|Сахновщинська|UA6306009|Sakhnovshchynska
UA6306|Старовірівська|UA6306011|Starovirivska
UA6306|Зачепилівська|UA6306001|Zachepylivska
UA5302|Глобинська|UA5302001|Hlobynska
UA5302|Горішньоплавнівська|UA5302003|Horishnoplavnivska
UA5302|Градизька|UA5302005|Hradyzka
UA5302|Кам'янопотоківська|UA5302007|Kamianopotokivska
UA5302|Козельщинська|UA5302009|Kozelshchynska
UA5302|Кременчуцька|UA5302011|Kremenchutska
UA5302|Новогалещинська|UA5302013|Novohaleshchynska
UA5302|Оболонська|UA5302015|Obolonska
UA5302|Омельницька|UA5302017|Omelnytska
UA5302|Піщанська|UA5302019|Pishchanska
UA5302|Пришибська|UA5302021|Pryshybska
UA5302|Семенівська|UA5302023|Semenivska
UA6102|Борсуківська|UA6102001|Borsukivska
UA6102|Кременецька|UA6102007|Kremenetska
UA6102|Лановецька|UA6102009|Lanovetska
UA6102|Лопушненська|UA6102011|Lopushnenska
UA6102|Почаївська|UA6102013|Pochaivska
UA6102|Шумська|UA6102015|Shumska
UA6102|Великодедеркальська|UA6102003|Velykodederkalska
UA6102|Вишнівецька|UA6102005|Vyshnivetska
UA3504|Аджамська|UA3504001|Adzhamska
UA3504|Бобринецька|UA3504003|Bobrynetska
UA3504|Дмитрівська|UA3504009|Dmytrivska
UA3504|Долинська|UA3504011|Dolynska
UA3504|Гурівська|UA3504007|Hurivska
UA3504|Катеринівська|UA3504015|Katerynivska
UA3504|Кетрисанівська|UA3504017|Ketrysanivska
UA3504|Компаніївська|UA3504019|Kompaniivska
UA3504|Кропивницька|UA3504021|Kropyvnytskyi
UA3504|Новгородківська|UA3504023|Novhorodkivska
UA3504|Олександрівська|UA3504025|Oleksandrivska
UA3504|Первозванівська|UA3504027|Pervozvanivska
UA3504|Соколівська|UA3504029|Sokolivska
UA3504|Суботцівська|UA3504031|Subottsivska
UA3504|Устинівська|UA3504033|Ustynivska
UA3504|Великосеверинівська|UA3504005|Velykoseverynivska
UA3504|Знам'янська|UA3504013|Znamianska
UA1206|Апостолівська|UA1206001|Apostolivska
UA1206|Девладівська|UA1206011|Devladivska
UA1206|Глеюватська|UA1206005|Hleiuvatska
UA1206|Гречаноподівська|UA1206007|Hrechanopodivska
UA1206|Грушівська|UA1206009|Hrushivska
UA1206|Карпівська|UA1206015|Karpivska
UA1206|Криворізька|UA1206017|Kryvorizka
UA1206|Лозуватська|UA1206019|Lozuvatska
UA1206|Новолатівська|UA1206023|Novolativska
UA1206|Новопільська|UA1206025|Novopilska
UA1206|Нивотрудівська|UA1206021|Nyvotrudivska
UA1206|Широківська|UA1206029|Shyrokivska
UA1206|Софіївська|UA1206027|Sofiivska
UA1206|Вакулівська|UA1206003|Vakulivska
UA1206|Зеленодольська|UA1206013|Zelenodolska
UA6308|Дворічанська|UA6308005|Dvorichanska
UA6308|Кіндрашівська|UA6308007|Kindrashivska
UA6308|Куп'янська|UA6308009|Kupianska
UA6308|Курилівська|UA6308011|Kurylivska
UA6308|Петропавлівська|UA6308013|Petropavlivska
UA6308|Шевченківська|UA6308015|Shevchenkivska
UA6308|Великобурлуцька|UA6308001|Velykoburlutska
UA6308|Вільхуватська|UA6308003|Vilkhuvatska
UA8000|Київська|UA8000000|Kyiv
UA6310|Біляївська|UA6310001|Biliaivska
UA6310|Близнюківська|UA6310003|Blyzniukivska
UA6310|Лозівська|UA6310005|Lozivska
UA6310|Олексіївська|UA6310007|Oleksiivska
UA6310|Первомайська|UA6310009|Pervomaiska
UA5304|Чорнухинська|UA5304013|Chornukhynska
UA5304|Гребінківська|UA5304001|Hrebinkivska
UA5304|Хорольська|UA5304011|Khorolska
UA5304|Лубенська|UA5304003|Lubenska
UA5304|Новооржицька|UA5304005|Novoorzhytska
UA5304|Оржицька|UA5304007|Orzhytska
UA5304|Пирятинська|UA5304009|Pyriatynska
UA4406|Луганська|UA4406001|Luhanska
UA4406|Лутугинська|UA4406003|Lutuhynska
UA4406|Молодогвардійська|UA4406005|Molodohvardiiska
UA0708|Берестечківська|UA0708001|Berestechkivska
UA0708|Боратинська|UA0708003|Boratynska
UA0708|Доросинівська|UA0708009|Dorosynivska
UA0708|Городищенська|UA0708005|Horodyshchenska
UA0708|Горохівська|UA0708007|Horokhivska
UA0708|Ківерцівська|UA0708011|Kivertsivska
UA0708|Колківська|UA0708013|Kolkivska
UA0708|Копачівська|UA0708015|Kopachivska
UA0708|Луцька|UA0708017|Lutska
UA0708|Мар'янівська|UA0708019|Marianivska
UA0708|Олицька|UA0708021|Olytska
UA0708|Підгайцівська|UA0708023|Pidhaitsivska
UA0708|Рожищенська|UA0708025|Rozhyshchenska
UA0708|Торчинська|UA0708027|Torchynska
UA0708|Цуманська|UA0708029|Tsumanska
UA4606|Бібрська|UA4606001|Bibrska
UA4606|Давидівська|UA4606009|Davydivska
UA4606|Добросинсько-Магерівська|UA4606011|Dobrosynsko-Maherivska
UA4606|Глинянська|UA4606005|Hlynianska
UA4606|Городоцька|UA4606007|Horodotska
UA4606|Кам'янка-Бузька|UA4606019|Kamianka-Buzka
UA4606|Комарнівська|UA4606021|Komarnivska
UA4606|Куликівська|UA4606023|Kulykivska
UA4606|Львівська|UA4606025|Lvivska
UA4606|Мурованська|UA4606027|Murovanska
UA4606|Новояричівська|UA4606029|Novoiarychivska
UA4606|Оброшинська|UA4606031|Obroshynska
UA4606|Перемишлянська|UA4606033|Peremyshlianska
UA4606|Підберізцівська|UA4606035|Pidberiztsivska
UA4606|Пустомитівська|UA4606037|Pustomytivska
UA4606|Рава-Руська|UA4606039|Rava-Ruska
UA4606|Щирецька|UA4606045|Shchyretska
UA4606|Сокільницька|UA4606041|Sokilnytska
UA4606|Солонківська|UA4606043|Solonkivska
UA4606|Великолюбінська|UA4606003|Velykoliubinska
UA4606|Жовківська|UA4606013|Zhovkivska
UA4606|Жовтанецька|UA4606015|Zhovtanetska
UA4606|Зимноводівська|UA4606017|Zymnovodivska
UA1414|Кальчицька|UA1414001|Kalchytska
UA1414|Мангушська|UA1414003|Manhushska
UA1414|Маріупольська|UA1414005|Mariupolska
UA1414|Нікольська|UA1414007|Nikolska
UA1414|Сартанська|UA1414009|Sartanska
UA2308|Чкаловська|UA2308029|Chkalovska
UA2308|Костянтинівська|UA2308005|Kostiantynivska
UA2308|Кирилівська|UA2308003|Kyrylivska
UA2308|Мелітопольська|UA2308007|Melitopolska
UA2308|Мирненська|UA2308009|Myrnenska
UA2308|Новенська|UA2308011|Novenska
UA2308|Новобогданівська|UA2308013|Novobohdanivska
UA2308|Новоуспенівська|UA2308017|Novouspenivska
UA2308|Нововасилівська|UA2308015|Novovasylivska
UA2308|Олександрівська|UA2308019|Oleksandrivska
UA2308|Плодородненська|UA2308021|Plodorodnenska
UA2308|Приазовська|UA2308023|Pryazovska
UA2308|Семенівська|UA2308025|Semenivska
UA2308|Терпіннівська|UA2308027|Terpinnivska
UA2308|Веселівська|UA2308001|Veselivska
UA2308|Якимівська|UA2308031|Yakymivska
UA0508|Бабчинецька|UA0508001|Babchynetska
UA0508|Чернівецька|UA0508009|Chernivetska
UA0508|Могилів-Подільська|UA0508005|Mohyliv-Podilska
UA0508|Мурованокуриловецька|UA0508007|Murovanokurylovetska
UA0508|Вендичанська|UA0508003|Vendychanska
UA0508|Ямпільська|UA0508011|Yampilska
UA0508|Яришівська|UA0508013|Yaryshivska
UA2104|Чинадіївська|UA2104025|Chynadiivska
UA2104|Горондівська|UA2104007|Horondivska
UA2104|Івановецька|UA2104011|Ivanovetska
UA2104|Кольчинська|UA2104013|Kolchynska
UA2104|Мукачівська|UA2104015|Mukachivska
UA2104|Неліпинська|UA2104017|Nelipynska
UA2104|Нижньоворітська|UA2104019|Nyzhnovoritska
UA2104|Полянська|UA2104021|Polianska
UA2104|Свалявська|UA2104023|Svaliavska
UA2104|Великолучківська|UA2104001|Velykoluchkivska
UA2104|Верхньокоропецька|UA2104003|Verkhnokoropetska
UA2104|Воловецька|UA2104005|Volovetska
UA2104|Жденіївська|UA2104009|Zhdeniivska
UA4806|Березанська|UA4806001|Berezanska
UA4806|Чорноморська|UA4806035|Chornomorska
UA4806|Галицинівська|UA4806007|Halytsynivska
UA4806|Коблівська|UA4806009|Koblivska
UA4806|Костянтинівська|UA4806011|Kostiantynivska
UA4806|Куцурубська|UA4806013|Kutsurubska
UA4806|Мішково-Погорілівська|UA4806017|Mishkovo-Pohorilivska
UA4806|Миколаївська|UA4806015|Mykolaivska
UA4806|Нечаянська|UA4806019|Nechaianska
UA4806|Новоодеська|UA4806021|Novoodeska
UA4806|Очаківська|UA4806025|Ochakivska
UA4806|Ольшанська|UA4806023|Olshanska
UA4806|Первомайська|UA4806027|Pervomaiska
UA4806|Радсадівська|UA4806029|Radsadivska
UA4806|Шевченківська|UA4806037|Shevchenkivska
UA4806|Степівська|UA4806031|Stepivska
UA4806|Сухоєланецька|UA4806033|Sukhoielanetska
UA4806|Веснянська|UA4806003|Vesnianska
UA4806|Воскресенська|UA4806005|Voskresenska
UA5306|Білоцерківська|UA5306001|Bilotserkivska
UA5306|Гадяцька|UA5306009|Hadiatska
UA5306|Гоголівська|UA5306011|Hoholivska
UA5306|Комишнянська|UA5306015|Komyshnianska
UA5306|Краснолуцька|UA5306017|Krasnolutska
UA5306|Лютенська|UA5306021|Liutenska
UA5306|Лохвицька|UA5306019|Lokhvytska
UA5306|Миргородська|UA5306023|Myrhorodska
UA5306|Петрівсько-Роменська|UA5306025|Petrivsko-Romenska
UA5306|Ромоданівська|UA5306027|Romodanivska
UA5306|Сенчанська|UA5306029|Senchanska
UA5306|Сергіївська|UA5306031|Serhiivska
UA5306|Шишацька|UA5306033|Shyshatska
UA5306|Великобагачанська|UA5306003|Velykobahachanska
UA5306|Великобудищанська|UA5306005|Velykobudyshchanska
UA5306|Великосорочинська|UA5306007|Velykosorochynska
UA5306|Заводська|UA5306013|Zavodska
UA2612|Делятинська|UA2612003|Deliatynska
UA2612|Ланчинська|UA2612005|Lanchynska
UA2612|Надвірнянська|UA2612007|Nadvirnianska
UA2612|Пасічнянська|UA2612009|Pasichnianska
UA2612|Переріслянська|UA2612011|Pererislianska
UA2612|Поляницька|UA2612013|Polianytska
UA2612|Ворохтянська|UA2612001|Vorokhtianska
UA2612|Яремчанська|UA2612015|Yaremchanska
UA1208|Червоногригорівська|UA1208015|Chervonohryhorivska
UA1208|Марганецька|UA1208001|Marhanetska
UA1208|Мирівська|UA1208003|Myrivska
UA1208|Нікопольська|UA1208005|Nikopolska
UA1208|Першотравневська|UA1208007|Pershotravnevska
UA1208|Покровська|UA1208009|Pokrovska
UA1208|Покровська|UA1208011|Pokrovska
UA1208|Томаківська|UA1208013|Tomakivska
UA7404|Бахмацька|UA7404003|Bakhmatska
UA7404|Батуринська|UA7404001|Baturynska
UA7404|Бобровицька|UA7404005|Bobrovytska
UA7404|Борзнянська|UA7404007|Borznianska
UA7404|Дмитрівська|UA7404013|Dmytrivska
UA7404|Комарівська|UA7404015|Komarivska
UA7404|Крутівська|UA7404017|Krutivska
UA7404|Лосинівська|UA7404019|Losynivska
UA7404|Макіївська|UA7404021|Makiivska
UA7404|Мринська|UA7404023|Mrynska
UA7404|Ніжинська|UA7404025|Nizhynska
UA7404|Носівська|UA7404029|Nosivska
UA7404|Новобасанська|UA7404027|Novobasanska
UA7404|Плисківська|UA7404031|Plyskivska
UA7404|Талалаївська|UA7404033|Talalaivska
UA7404|Вертіївська|UA7404009|Vertiivska
UA7404|Височанська|UA7404011|Vysochanska
UA7406|Коропська|UA7406001|Koropska
UA7406|Новгород-Сіверська|UA7406003|Novhorod-Siverska
UA7406|Понорницька|UA7406005|Ponornytska
UA7406|Семенівська|UA7406007|Semenivska
UA1808|Баранівська|UA1808001|Baranivska
UA1808|Барашівська|UA1808003|Barashivska
UA1808|Брониківська|UA1808005|Bronykivska
UA1808|Чижівська|UA1808021|Chyzhivska
UA1808|Довбиська|UA1808009|Dovbyska
UA1808|Дубрівська|UA1808011|Dubrivska
UA1808|Городницька|UA1808007|Horodnytska
UA1808|Новоград-Волинська|UA1808015|Novohrad-Volynska
UA1808|Піщівська|UA1808017|Pishchivska
UA1808|Стриївська|UA1808019|Stryivska
UA1808|Ярунська|UA1808023|Yarunska
UA1808|Ємільчинська|UA1808013|Yemilchynska
UA1210|Черкаська|UA1210013|Cherkaska
UA1210|Чернеччинська|UA1210015|Chernechchynska
UA1210|Губиниська|UA1210001|Hubynyska
UA1210|Личківська|UA1210003|Lychkivska
UA1210|Магдалинівська|UA1210005|Mahdalynivska
UA1210|Новомосковська|UA1210007|Novomoskovska
UA1210|Перещепинська|UA1210009|Pereshchepynska
UA1210|Піщанська|UA1210011|Pishchanska
UA3506|Добровеличківська|UA3506005|Dobrovelychkivska
UA3506|Ганнівська|UA3506001|Hannivska
UA3506|Глодоська|UA3506003|Hlodoska
UA3506|Маловисківська|UA3506009|Malovyskivska
UA3506|Мар'янівська|UA3506011|Marianivska
UA3506|Новомиргородська|UA3506013|Novomyrhorodska
UA3506|Новоукраїнська|UA3506015|Novoukrainska
UA3506|Піщанобрідська|UA3506017|Pishchanobridska
UA3506|Помічнянська|UA3506019|Pomichnianska
UA3506|Рівнянська|UA3506021|Rivnianska
UA3506|Смолінська|UA3506023|Smolinska
UA3506|Тишківська|UA3506025|Tyshkivska
UA3506|Злинська|UA3506007|Zlynska
UA3212|Богуславська|UA3212001|Bohuslavska
UA3212|Феодосіївська|UA3212017|Feodosiiska
UA3212|Кагарлицька|UA3212005|Kaharlytska
UA3212|Козинська|UA3212007|Kozynska
UA3212|Миронівська|UA3212009|Myronivska
UA3212|Обухівська|UA3212011|Obukhivska
UA3212|Ржищівська|UA3212013|Rzhyshchivska
UA3212|Українська|UA3212015|Ukrainska
UA3212|Васильківська|UA3212003|Vasylkivska
UA5110|Авангардівська|UA5110001|Avanhardivska
UA5110|Біляївська|UA5110003|Biliaivska
UA5110|Чорноморська|UA5110037|Chornomorska
UA5110|Чорноморська|UA5110039|Chornomorska
UA5110|Дачненська|UA5110015|Dachnenska
UA5110|Дальницька|UA5110013|Dalnytska
UA5110|Доброславська|UA5110017|Dobroslavska
UA5110|Фонтанська|UA5110035|Fontanska
UA5110|Красносільська|UA5110019|Krasnosilska
UA5110|Маяківська|UA5110021|Maiakivska
UA5110|Нерубайська|UA5110023|Nerubaiska
UA5110|Одеська|UA5110027|Odeska
UA5110|Овідіопольська|UA5110025|Ovidiopolska
UA5110|Таїровська|UA5110029|Tairovska
UA5110|Теплодарська|UA5110031|Teplodarska
UA5110|Усатівська|UA5110033|Usativska
UA5110|Великодальницька|UA5110005|Velykodalnytska
UA5110|Великодолинська|UA5110007|Velykodolynska
UA5110|Вигодянська|UA5110009|Vyhodianska
UA5110|Визирська|UA5110011|Vyzyrska
UA5110|Яськівська|UA5110043|Yaskivska
UA5110|Южненська|UA5110041|Yuzhnenska
UA5904|Боромлянська|UA5904001|Boromlianska
UA5904|Чернеччинська|UA5904015|Chernechchynska
UA5904|Чупахівська|UA5904017|Chupakhivska
UA5904|Грунська|UA5904005|Hrunska
UA5904|Комишанська|UA5904009|Komyshanska
UA5904|Кириківська|UA5904007|Kyrykivska
UA5904|Охтирська|UA5904011|Okhtyrska
UA5904|Тростянецька|UA5904013|Trostianetska
UA5904|Великописарівська|UA5904003|Velykopysarivska
UA3508|Новопразька|UA3508003|Novoprazka
UA3508|Олександрійська|UA3508005|Oleksandriiska
UA3508|Онуфріївська|UA3508007|Onufriivska
UA3508|Пантаївська|UA3508009|Pantaivska
UA3508|Петрівська|UA3508011|Petrivska
UA3508|Попельнастівська|UA3508013|Popelnastivska
UA3508|Приютівська|UA3508015|Pryiutivska
UA3508|Світловодська|UA3508017|Svitlovodska
UA3508|Великоандрусівська|UA3508001|Velykoandrusivska
UA1212|Богданівська|UA1212001|Bohdanivska
UA1212|Межиріцька|UA1212005|Mezhyritska
UA1212|Павлоградська|UA1212007|Pavlohradska
UA1212|Тернівська|UA1212009|Ternivska
UA1212|Троїцька|UA1212011|Troitska
UA1212|Вербківська|UA1212003|Verbkivska
UA1212|Юр'ївська|UA1212013|Yurivska
UA4808|Арбузинська|UA4808001|Arbuzynska
UA4808|Благодатненська|UA4808003|Blahodatnenska
UA4808|Кам'яномостівська|UA4808007|Kamianomostivska
UA4808|Кривоозерська|UA4808009|Kryvoozerska
UA4808|Мигіївська|UA4808011|Myhiivska
UA4808|Первомайська|UA4808013|Pervomaiska
UA4808|Синюхинобрідська|UA4808015|Syniukhynobridska
UA4808|Врадіївська|UA4808005|Vradiivska
UA5112|Ананьївська|UA5112001|Ananivska
UA5112|Балтська|UA5112003|Baltska
UA5112|Долинська|UA5112005|Dolynska
UA5112|Кодимська|UA5112009|Kodymska
UA5112|Куяльницька|UA5112011|Kuialnytska
UA5112|Любашівська|UA5112013|Liubashivska
UA5112|Окнянська|UA5112015|Oknianska
UA5112|Піщанська|UA5112017|Pishchanska
UA5112|Подільська|UA5112019|Podilska
UA5112|Савранська|UA5112021|Savranska
UA5112|Слобідська|UA5112023|Slobidska
UA5112|Зеленогірська|UA5112007|Zelenohirska
UA1416|Авдіївська|UA1416001|Avdiivska
UA1416|Білозерська|UA1416003|Bilozerska
UA1416|Добропільська|UA1416007|Dobropilska
UA1416|Гродівська|UA1416005|Hrodivska
UA1416|Криворізька|UA1416009|Kryvorizka
UA1416|Курахівська|UA1416011|Kurakhivska
UA1416|Мар'їнська|UA1416013|Marinska
UA1416|Мирноградська|UA1416015|Myrnohradska
UA1416|Новогродівська|UA1416017|Novohrodivska
UA1416|Очеретинська|UA1416019|Ocheretynska
UA1416|Покровська|UA1416021|Pokrovska
UA1416|Селидівська|UA1416023|Selydivska
UA1416|Шахівська|UA1416027|Shakhivska
UA1416|Удачненська|UA1416025|Udachnenska
UA2310|Більмацька|UA2310001|Bilmatska
UA2310|Федорівська|UA2310029|Fedorivska
UA2310|Гуляйпільська|UA2310007|Huliaipilska
UA2310|Комиш-Зорянська|UA2310009|Komysh-Zorianska
UA2310|Малотокмачанська|UA2310013|Malotokmachanska
UA2310|Малинівська|UA2310011|Malynivska
UA2310|Молочанська|UA2310015|Molochanska
UA2310|Оріхівська|UA2310017|Orikhivska
UA2310|Пологівська|UA2310019|Polohivska
UA2310|Преображенська|UA2310021|Preobrazhenska
UA2310|Розівська|UA2310023|Rozivska
UA2310|Смирновська|UA2310025|Smyrnovska
UA2310|Токмацька|UA2310027|Tokmatska
UA2310|Воскресенська|UA2310005|Voskresenska
UA2310|Воздвижівська|UA2310003|Vozdvyzhivska
UA5308|Білицька|UA5308001|Bilytska
UA5308|Чутівська|UA5308045|Chutivska
UA5308|Драбинівська|UA5308007|Drabynivska
UA5308|Диканська|UA5308005|Dykanska
UA5308|Карлівська|UA5308011|Karlivska
UA5308|Кобеляцька|UA5308013|Kobeliatska
UA5308|Коломацька|UA5308015|Kolomatska
UA5308|Котелевська|UA5308017|Kotelevska
UA5308|Ланнівська|UA5308019|Lannivska
UA5308|Мачухівська|UA5308023|Machukhivska
UA5308|Мартинівська|UA5308021|Martynivska
UA5308|Машівська|UA5308025|Mashivska
UA5308|Михайлівська|UA5308027|Mykhailivska
UA5308|Нехворощанська|UA5308029|Nekhvoroshchanska
UA5308|Новосанжарська|UA5308031|Novosanzharska
UA5308|Новоселівська|UA5308033|Novoselivska
UA5308|Опішнянська|UA5308035|Opishnianska
UA5308|Полтавська|UA5308037|Poltavska
UA5308|Решетилівська|UA5308039|Reshetylivska
UA5308|Щербанівська|UA5308047|Shcherbanivska
UA5308|Скороходівська|UA5308041|Skorokhodivska
UA5308|Терешківська|UA5308043|Tereshkivska
UA5308|Великорублівська|UA5308003|Velykorublivska
UA5308|Зіньківська|UA5308009|Zinkivska
UA7408|Ічнянська|UA7408003|Ichnianska
UA7408|Ладанська|UA7408005|Ladanska
UA7408|Линовицька|UA7408007|Lynovytska
UA7408|Малодівицька|UA7408009|Malodivytska
UA7408|Парафіївська|UA7408011|Parafiivska
UA7408|Прилуцька|UA7408013|Prylutska
UA7408|Срібнянська|UA7408015|Sribnianska
UA7408|Сухополов'янська|UA7408017|Sukhopolovianska
UA7408|Талалаївська|UA7408019|Talalaivska
UA7408|Варвинська|UA7408001|Varvynska
UA7408|Яблунівська|UA7408021|Yablunivska
UA2106|Богданська|UA2106001|Bohdanska
UA2106|Рахівська|UA2106005|Rakhivska
UA2106|Великобичківська|UA2106003|Velykobychkivska
UA2106|Ясінянська|UA2106007|Yasinianska
UA5606|Бабинська|UA5606001|Babynska
UA5606|Березнівська|UA5606003|Bereznivska
UA5606|Білокриницька|UA5606005|Bilokrynytska
UA5606|Бугринська|UA5606007|Buhrynska
UA5606|Деражненська|UA5606019|Derazhnenska
UA5606|Дядьковицька|UA5606021|Diadkovytska
UA5606|Головинська|UA5606013|Holovynska
UA5606|Городоцька|UA5606015|Horodotska
UA5606|Гощанська|UA5606017|Hoshchanska
UA5606|Клеванська|UA5606029|Klevanska
UA5606|Корецька|UA5606031|Koretska
UA5606|Корнинська|UA5606033|Kornynska
UA5606|Костопільська|UA5606035|Kostopilska
UA5606|Малолюбашанська|UA5606039|Maloliubashanska
UA5606|Малинська|UA5606037|Malynska
UA5606|Мізоцька|UA5606041|Mizotska
UA5606|Олександрійська|UA5606043|Oleksandriiska
UA5606|Острозька|UA5606045|Ostrozka
UA5606|Рівненська|UA5606047|Rivnenska
UA5606|Шпанівська|UA5606051|Shpanivska
UA5606|Соснівська|UA5606049|Sosnivska
UA5606|Великомежиріцька|UA5606009|Velykomezhyritska
UA5606|Великоомелянська|UA5606011|Velykoomelianska
UA5606|Здолбунівська|UA5606025|Zdolbunivska
UA5606|Здовбицька|UA5606023|Zdovbytska
UA5606|Зорянська|UA5606027|Zorianska
UA5906|Андріяшівська|UA5906001|Andriiashivska
UA5906|Хмелівська|UA5906015|Khmelivska
UA5906|Коровинська|UA5906005|Korovynska
UA5906|Липоводолинська|UA5906007|Lypovodolynska
UA5906|Недригайлівська|UA5906009|Nedryhailivska
UA5906|Роменська|UA5906011|Romenska
UA5906|Синівська|UA5906013|Synivska
UA5906|Вільшанська|UA5906003|Vilshanska
UA4408|Антрацитівська|UA4408001|Antratsytivska
UA4408|Хрустальненська|UA4408005|Khrustalnenska
UA4408|Ровеньківська|UA4408003|Rovenkivska
UA5114|Лиманська|UA5114009|Lymanska
UA5114|Новоборисівська|UA5114011|Novoborysivska
UA5114|Роздільнянська|UA5114013|Rozdilnianska
UA5114|Степанівська|UA5114015|Stepanivska
UA5114|Цебриківська|UA5114017|Tsebrykivska
UA5114|Великомихайлівська|UA5114001|Velykomykhailivska
UA5114|Великоплосківська|UA5114003|Velykoploskivska
UA5114|Захарівська|UA5114007|Zakharivska
UA5114|Затишанська|UA5114005|Zatyshanska
UA4608|Бісковицька|UA4608001|Biskovytska
UA4608|Боринська|UA4608003|Borynska
UA4608|Добромильська|UA4608005|Dobromylska
UA4608|Хирівська|UA4608021|Khyrivska
UA4608|Новокалинівська|UA4608007|Novokalynivska
UA4608|Ралівська|UA4608009|Ralivska
UA4608|Рудківська|UA4608011|Rudkivska
UA4608|Самбірська|UA4608013|Sambirska
UA4608|Старосамбірська|UA4608015|Starosambirska
UA4608|Стрілківська|UA4608017|Strilkivska
UA4608|Турківська|UA4608019|Turkivska
UA5608|Березівська|UA5608001|Berezivska
UA5608|Дубровицька|UA5608007|Dubrovytska
UA5608|Клесівська|UA5608009|Klesivska
UA5608|Миляцька|UA5608011|Myliatska
UA5608|Немовицька|UA5608013|Nemovytska
UA5608|Рокитнівська|UA5608015|Rokytnivska
UA5608|Сарненська|UA5608017|Sarnenska
UA5608|Старосільська|UA5608019|Starosilska
UA5608|Степанська|UA5608021|Stepanska
UA5608|Вирівська|UA5608003|Vyrivska
UA5608|Висоцька|UA5608005|Vysotska
UA4416|Новоайдарська|UA4416003|Novoaidarska
UA4416|Нижньотеплівська|UA4416001|Nyzhnoteplivska
UA4416|Щастинська|UA4416009|Shchastynska
UA4416|Широківська|UA4416007|Shyrokivska
UA4416|Станично-Луганська|UA4416005|Stanychno-Luhanska
UA6806|Берездівська|UA6806001|Berezdivska
UA6806|Білогірська|UA6806003|Bilohirska
UA6806|Ганнопільська|UA6806005|Hannopilska
UA6806|Грицівська|UA6806007|Hrytsivska
UA6806|Ізяславська|UA6806009|Iziaslavska
UA6806|Крупецька|UA6806011|Krupetska
UA6806|Ленковецька|UA6806013|Lenkovetska
UA6806|Михайлюцька|UA6806015|Mykhailiutska
UA6806|Нетішинська|UA6806017|Netishynska
UA6806|Плужненська|UA6806019|Pluzhnenska
UA6806|Полонська|UA6806021|Polonska
UA6806|Понінківська|UA6806023|Poninkivska
UA6806|Сахновецька|UA6806025|Sakhnovetska
UA6806|Шепетівська|UA6806033|Shepetivska
UA6806|Славутська|UA6806027|Slavutska
UA6806|Судилківська|UA6806029|Sudylkivska
UA6806|Улашанівська|UA6806031|Ulashanivska
UA6806|Ямпільська|UA6806035|Yampilska
UA5910|Березівська|UA5910001|Berezivska
UA5910|Дружбівська|UA5910005|Druzhbivska
UA5910|Есманьська|UA5910007|Esmanska
UA5910|Глухівська|UA5910003|Hlukhivska
UA5910|Середино-Будська|UA5910013|Seredyno-Budska
UA5910|Шалигинська|UA5910015|Shalyhynska
UA5910|Шосткинська|UA5910017|Shostkynska
UA5910|Свеська|UA5910011|Sveska
UA5910|Ямпільська|UA5910019|Yampilska
UA5910|Зноб-Новгородська|UA5910009|Znob-Novhorodska
UA4412|Гірська|UA4412001|Hirska
UA4412|Кремінська|UA4412003|Kreminska
UA4412|Лисичанська|UA4412005|Lysychanska
UA4412|Попаснянська|UA4412007|Popasnianska
UA4412|Рубіжанська|UA4412009|Rubizhanska
UA4412|Сєвєродонецька|UA4412011|Sievierodonetska
UA6508|Бехтерська|UA6508001|Bekhterska
UA6508|Чулаківська|UA6508017|Chulakivska
UA6508|Долматівська|UA6508005|Dolmativska
UA6508|Голопристанська|UA6508003|Holoprystanska
UA6508|Каланчацька|UA6508007|Kalanchatska
UA6508|Лазурненська|UA6508009|Lazurnenska
UA6508|Мирненська|UA6508011|Myrnenska
UA6508|Новомиколаївська|UA6508013|Novomykolaivska
UA6508|Скадовська|UA6508015|Skadovska
UA4414|Білолуцька|UA4414003|Bilolutska
UA4414|Біловодська|UA4414001|Bilovodska
UA4414|Чмирівська|UA4414013|Chmyrivska
UA4414|Марківська|UA4414005|Markivska
UA4414|Міловська|UA4414007|Milovska
UA4414|Новопсковська|UA4414009|Novopskovska
UA4414|Шульгинська|UA4414015|Shulhynska
UA4414|Старобільська|UA4414011|Starobilska
UA4610|Гніздичівська|UA4610001|Hnizdychivska
UA4610|Грабовецько-Дулібівська|UA4610003|Hrabovetsko-Dulibivska
UA4610|Ходорівська|UA4610027|Khodorivska
UA4610|Козівська|UA4610009|Kozivska
UA4610|Моршинська|UA4610013|Morshynska
UA4610|Миколаївська|UA4610011|Mykolaivska
UA4610|Новороздільська|UA4610015|Novorozdilska
UA4610|Розвадівська|UA4610017|Rozvadivska
UA4610|Сколівська|UA4610019|Skolivska
UA4610|Славська|UA4610021|Slavska
UA4610|Стрийська|UA4610023|Stryiska
UA4610|Тростянецька|UA4610025|Trostianetska
UA4610|Журавненська|UA4610007|Zhuravnenska
UA4610|Жидачівська|UA4610005|Zhydachivska
UA5908|Бездрицька|UA5908001|Bezdrytska
UA5908|Білопільська|UA5908003|Bilopilska
UA5908|Хотінська|UA5908029|Khotinska
UA5908|Краснопільська|UA5908009|Krasnopilska
UA5908|Лебединська|UA5908011|Lebedynska
UA5908|Миколаївська|UA5908013|Mykolaivska
UA5908|Миколаївська|UA5908015|Mykolaivska
UA5908|Миропільська|UA5908017|Myropilska
UA5908|Нижньосироватська|UA5908019|Nyzhnosyrovatska
UA5908|Річківська|UA5908021|Richkivska
UA5908|Садівська|UA5908023|Sadivska
UA5908|Степанівська|UA5908025|Stepanivska
UA5908|Сумська|UA5908027|Sumska
UA5908|Верхньосироватська|UA5908005|Verkhnosyrovatska
UA5908|Ворожбянська|UA5908007|Vorozhbianska
UA5908|Юнаківська|UA5908031|Yunakivska
UA4410|Білокуракинська|UA4410001|Bilokurakynska
UA4410|Коломийчиська|UA4410003|Kolomyichyska
UA4410|Красноріченська|UA4410005|Krasnorichenska
UA4410|Лозно-Олександрівська|UA4410007|Lozno-Oleksandrivska
UA4410|Нижньодуванська|UA4410009|Nyzhnoduvanska
UA4410|Сватівська|UA4410011|Svativska
UA4410|Троїцька|UA4410013|Troitska
UA1214|Брагинівська|UA1214001|Brahynivska
UA1214|Дубовиківська|UA1214007|Dubovykivska
UA1214|Іларіонівська|UA1214011|Ilarionivska
UA1214|Маломихайлівська|UA1214013|Malomykhailivska
UA1214|Межівська|UA1214015|Mezhivska
UA1214|Миколаївська|UA1214017|Mykolaivska
UA1214|Новопавлівська|UA1214019|Novopavlivska
UA1214|Першотравенська|UA1214021|Pershotravenska
UA1214|Петропавлівська|UA1214023|Petropavlivska
UA1214|Покровська|UA1214025|Pokrovska
UA1214|Раївська|UA1214027|Raivska
UA1214|Роздорська|UA1214029|Rozdorska
UA1214|Славгородська|UA1214033|Slavhorodska
UA1214|Слов'янська|UA1214035|Slovianska
UA1214|Синельниківська|UA1214031|Synelnykivska
UA1214|Українська|UA1214037|Ukrainska
UA1214|Васильківська|UA1214003|Vasylkivska
UA1214|Великомихайлівська|UA1214005|Velykomykhailivska
UA1214|Зайцівська|UA1214009|Zaitsivska
UA6104|Байковецька|UA6104001|Baikovetska
UA6104|Бережанська|UA6104003|Berezhanska
UA6104|Білецька|UA6104005|Biletska
UA6104|Іванівська|UA6104021|Ivanivska
UA6104|Козівська|UA6104023|Kozivska
UA6104|Козлівська|UA6104025|Kozlivska
UA6104|Купчинецька|UA6104027|Kupchynetska
UA6104|Микулинецька|UA6104029|Mykulynetska
UA6104|Нараївська|UA6104031|Naraivska
UA6104|Озернянська|UA6104033|Ozernianska
UA6104|Підгаєцька|UA6104037|Pidhaietska
UA6104|Підгороднянська|UA6104039|Pidhorodnianska
UA6104|Підволочиська|UA6104035|Pidvolochyska
UA6104|Саранчуківська|UA6104041|Saranchukivska
UA6104|Скалатська|UA6104043|Skalatska
UA6104|Скориківська|UA6104045|Skorykivska
UA6104|Теребовлянська|UA6104047|Terebovlianska
UA6104|Тернопільська|UA6104049|Ternopilska
UA6104|Великоберезовицька|UA6104007|Velykoberezovytska
UA6104|Великобірківська|UA6104009|Velykobirkivska
UA6104|Великогаївська|UA6104011|Velykohaivska
UA6104|Залозецька|UA6104013|Zalozetska
UA6104|Збаразька|UA6104015|Zbarazka
UA6104|Зборівська|UA6104017|Zborivska
UA6104|Золотниківська|UA6104019|Zolotnykivska
UA2108|Бедевлянська|UA2108001|Bedevlianska
UA2108|Буштинська|UA2108003|Bushtynska
UA2108|Дубівська|UA2108007|Dubivska
UA2108|Нересницька|UA2108009|Neresnytska
UA2108|Солотвинська|UA2108011|Solotvynska
UA2108|Тересвянська|UA2108013|Teresvianska
UA2108|Тячівська|UA2108015|Tiachivska
UA2108|Углянська|UA2108017|Uhlianska
UA2108|Усть-Чорнянська|UA2108019|Ust-Chornianska
UA2108|Вільховецька|UA2108005|Vilkhovetska
UA0510|Брацлавська|UA0510001|Bratslavska
UA0510|Городківська|UA0510005|Horodkivska
UA0510|Крижопільська|UA0510007|Kryzhopilska
UA0510|Піщанська|UA0510009|Pishchanska
UA0510|Шпиківська|UA0510017|Shpykivska
UA0510|Студенянська|UA0510011|Studenianska
UA0510|Томашпільська|UA0510013|Tomashpilska
UA0510|Тульчинська|UA0510015|Tulchynska
UA0510|Вапнярська|UA0510003|Vapniarska
UA7106|Бабанська|UA7106001|Babanska
UA7106|Баштечківська|UA7106003|Bashtechkivska
UA7106|Буцька|UA7106005|Butska
UA7106|Дмитрушківська|UA7106007|Dmytrushkivska
UA7106|Іваньківська|UA7106011|Ivankivska
UA7106|Христинівська|UA7106023|Khrystynivska
UA7106|Ладижинська|UA7106013|Ladyzhynska
UA7106|Маньківська|UA7106015|Mankivska
UA7106|Монастирищенська|UA7106017|Monastyryshchenska
UA7106|Паланська|UA7106019|Palanska
UA7106|Уманська|UA7106021|Umanska
UA7106|Жашківська|UA7106009|Zhashkivska
UA2110|Баранинська|UA2110001|Baranynska
UA2110|Чопська|UA2110027|Chopska
UA2110|Дубриницько-Малоберезнянська|UA2110007|Dubrynytska-Malobereznianska
UA2110|Холмківська|UA2110025|Kholmkivska
UA2110|Костринська|UA2110009|Kostrynska
UA2110|Оноківська|UA2110011|Onokivska
UA2110|Перечинська|UA2110013|Perechynska
UA2110|Середнянська|UA2110015|Serednianska
UA2110|Сюртівська|UA2110019|Siurtivska
UA2110|Ставненська|UA2110017|Stavnenska
UA2110|Тур'є-Реметівська|UA2110021|Turie-Remetivska
UA2110|Ужгородська|UA2110023|Uzhhorodska
UA2110|Великоберезнянська|UA2110003|Velykobereznianska
UA2110|Великодобронська|UA2110005|Velykodobronska
UA5602|Антонівська|UA5602001|Antonivska
UA5602|Каноницька|UA5602009|Kanonytska
UA5602|Локницька|UA5602011|Loknytska
UA5602|Полицька|UA5602013|Polytska
UA5602|Рафалівська|UA5602015|Rafalivska
UA5602|Вараська|UA5602003|Varaska
UA5602|Володимирецька|UA5602005|Volodymyretska
UA5602|Зарічненська|UA5602007|Zarichnenska
UA2304|Благовіщенська|UA2304001|Blahovishchenska
UA2304|Дніпрорудненська|UA2304009|Dniprorudnenska
UA2304|Енергодарська|UA2304011|Enerhodarska
UA2304|Кам'янсько-Дніпровська|UA2304013|Kamiansko-Dniprovska
UA2304|Малобілозерська|UA2304015|Malobilozerska
UA2304|Михайлівська|UA2304017|Mykhailivska
UA2304|Роздольська|UA2304019|Rozdolska
UA2304|Степногірська|UA2304021|Stepnohirska
UA2304|Василівська|UA2304003|Vasylivska
UA2304|Великобілозерська|UA2304005|Velykobilozerska
UA2304|Водянська|UA2304007|Vodianska
UA2602|Білоберізька|UA2602001|Biloberizka
UA2602|Верховинська|UA2602003|Verkhovynska
UA2602|Зеленська|UA2602005|Zelenska
UA0502|Агрономічна|UA0502001|Ahronomichna
UA0502|Гніванська|UA0502007|Hnivanska
UA0502|Іллінецька|UA0502009|Illinetska
UA0502|Літинська|UA0502013|Litynska
UA0502|Лука-Мелешківська|UA0502015|Luka-Meleshkivska
UA0502|Липовецька|UA0502011|Lypovetska
UA0502|Немирівська|UA0502017|Nemyrivska
UA0502|Оратівська|UA0502019|Orativska
UA0502|Погребищенська|UA0502021|Pohrebyshchenska
UA0502|Стрижавська|UA0502023|Stryzhavska
UA0502|Сутисківська|UA0502025|Sutyskivska
UA0502|Турбівська|UA0502029|Turbivska
UA0502|Тиврівська|UA0502027|Tyvrivska
UA0502|Вінницька|UA0502003|Vinnytska
UA0502|Вороновицька|UA0502005|Voronovytska
UA0502|Якушинецька|UA0502031|Yakushynetska
UA1404|Хлібодарівська|UA1404015|Khlibodarivska
UA1404|Комарська|UA1404007|Komarska
UA1404|Мирненська|UA1404009|Myrnenska
UA1404|Ольгинська|UA1404011|Olhynska
UA1404|Старомлинівська|UA1404013|Staromlynivska
UA1404|Великоновосілківська|UA1404001|Velykonovosilkivska
UA1404|Волноваська|UA1404003|Volnovaska
UA1404|Вугледарська|UA1404005|Vuhledarska
UA0702|Іваничівська|UA0702007|Ivanychivska
UA0702|Локачинська|UA0702011|Lokachynska
UA0702|Литовезька|UA0702009|Lytovezka
UA0702|Нововолинська|UA0702013|Novovolynska
UA0702|Оваднівська|UA0702015|Ovadnivska
UA0702|Павлівська|UA0702017|Pavlivska
UA0702|Поромівська|UA0702019|Poromivska
UA0702|Устилузька|UA0702021|Ustyluzka
UA0702|Володимир-Волинська|UA0702001|Volodymyr-Volynska
UA0702|Затурцівська|UA0702003|Zaturtsivska
UA0702|Зимнівська|UA0702005|Zymnivska
UA4804|Братська|UA4804001|Bratska
UA4804|Бузька|UA4804003|Buzka
UA4804|Доманівська|UA4804009|Domanivska
UA4804|Дорошівська|UA4804011|Doroshivska
UA4804|Мостівська|UA4804015|Mostivska
UA4804|Новомар'ївська|UA4804017|Novomarivska
UA4804|Олександрівська|UA4804019|Oleksandrivska
UA4804|Прибужанівська|UA4804021|Prybuzhanivska
UA4804|Прибузька|UA4804023|Prybuzka
UA4804|Веселинівська|UA4804005|Veselynivska
UA4804|Вознесенська|UA4804007|Voznesenska
UA4804|Єланецька|UA4804013|Yelanetska
UA4804|Южноукраїнська|UA4804025|Yuzhnoukrainska
UA3210|Димерська|UA3210003|Dymerska
UA3210|Іванківська|UA3210005|Ivankivska
UA3210|Петрівська|UA3210007|Petrivska
UA3210|Пірнівська|UA3210009|Pirnivska
UA3210|Поліська|UA3210011|Poliska
UA3210|Славутицька|UA3210013|Slavutytska
UA3210|Вишгородська|UA3210001|Vyshhorodska
UA7302|Банилівська|UA7302001|Banylivska
UA7302|Берегометська|UA7302003|Berehometska
UA7302|Брусницька|UA7302005|Brusnytska
UA7302|Конятинська|UA7302011|Koniatynska
UA7302|Путильська|UA7302013|Putylska
UA7302|Селятинська|UA7302015|Seliatynska
UA7302|Усть-Путильська|UA7302017|Ust-Putylska
UA7302|Вашківецька|UA7302007|Vashkivetska
UA7302|Вижницька|UA7302009|Vyzhnytska
UA4614|Івано-Франківська|UA4614001|Ivano-Frankivska
UA4614|Мостиська|UA4614003|Mostyska
UA4614|Новояворівська|UA4614005|Novoiavorivska
UA4614|Шегинівська|UA4614009|Shehynivska
UA4614|Судововишнянська|UA4614007|Sudovovyshnianska
UA4614|Яворівська|UA4614011|Yavorivska
UA2306|Біленьківська|UA2306001|Bilenkivska
UA2306|Долинська|UA2306005|Dolynska
UA2306|Комишуваська|UA2306009|Komyshuvaska
UA2306|Кушугумська|UA2306011|Kushuhumska
UA2306|Матвіївська|UA2306013|Matviivska
UA2306|Михайлівська|UA2306015|Mykhailivska
UA2306|Михайло-Лукашівська|UA2306017|Mykhailo-Lukashivska
UA2306|Новомиколаївська|UA2306019|Novomykolaivska
UA2306|Новоолександрівська|UA2306021|Novooleksandrivska
UA2306|Павлівська|UA2306023|Pavlivska
UA2306|Петро-Михайлівська|UA2306025|Petro-Mykhailivska
UA2306|Широківська|UA2306033|Shyrokivska
UA2306|Степненська|UA2306027|Stepnenska
UA2306|Таврійська|UA2306029|Tavriiska
UA2306|Тернуватська|UA2306031|Ternuvatska
UA2306|Вільнянська|UA2306003|Vilnianska
UA2306|Запорізька|UA2306007|Zaporizka
UA0506|Барська|UA0506001|Barska
UA0506|Джуринська|UA0506003|Dzhurynska
UA0506|Копайгородська|UA0506007|Kopaihorodska
UA0506|Мурафська|UA0506009|Murafska
UA0506|Северинівська|UA0506011|Severynivska
UA0506|Шаргородська|UA0506015|Sharhorodska
UA0506|Станіславчицька|UA0506013|Stanislavchytska
UA0506|Жмеринська|UA0506005|Zhmerynska
UA1804|Андрушківська|UA1804001|Andrushkivska
UA1804|Березівська|UA1804003|Berezivska
UA1804|Брусилівська|UA1804005|Brusylivska
UA1804|Черняхівська|UA1804059|Cherniakhivska
UA1804|Чуднівська|UA1804061|Chudniv
UA1804|Глибочицька|UA1804015|Hlybochytska
UA1804|Городоцька|UA1804017|Horodotska
UA1804|Харитонівська|UA1804055|Kharytonivska
UA1804|Хорошівська|UA1804057|Khoroshivska
UA1804|Корнинська|UA1804023|Kornynska
UA1804|Коростишівська|UA1804025|Korostyshivska
UA1804|Курненська|UA1804027|Kurnenska
UA1804|Квітнева|UA1804021|Kvitneva
UA1804|Любарська|UA1804029|Liubarska
UA1804|Миропільська|UA1804031|Myropilska
UA1804|Новоборівська|UA1804033|Novoborivska
UA1804|Новогуйвинська|UA1804035|Novohuivynska
UA1804|Оліївська|UA1804037|Oliivska
UA1804|Попільнянська|UA1804039|Popilnianska
UA1804|Потіївська|UA1804041|Potiivska
UA1804|Пулинська|UA1804043|Pulynska
UA1804|Радомишльська|UA1804045|Radomyshlska
UA1804|Романівська|UA1804047|Romanivska
UA1804|Станишівська|UA1804049|Stanyshivska
UA1804|Старосілецька|UA1804051|Starosiletska
UA1804|Тетерівська|UA1804053|Teterivska
UA1804|Вільшанська|UA1804011|Vilshanska
UA1804|Волицька|UA1804013|Volytska
UA1804|Вишевицька|UA1804009|Vyshevytska
UA1804|Високівська|UA1804007|Vysokivska
UA1804|Житомирська|UA1804019|Zhytomyrska
UA4604|Бродівська|UA4604001|Brodivska
UA4604|Буська|UA4604003|Buska
UA4604|Красненська|UA4604009|Krasnenska
UA4604|Підкамінська|UA4604011|Pidkaminska
UA4604|Поморянська|UA4604013|Pomorianska
UA4604|Заболотцівська|UA4604005|Zabolottsivska
UA4604|Золочівська|UA4604007|Zolochivska
UA7104|Чорнобаївська|UA7104019|Chornobaivska
UA7104|Драбівська|UA7104007|Drabivska
UA7104|Гельмязівська|UA7104005|Helmiazivska
UA7104|Іркліївська|UA7104013|Irkliivska
UA7104|Новодмитрівська|UA7104015|Novodmytrivska
UA7104|Піщанська|UA7104017|Pishchanska
UA7104|Шрамківська|UA7104021|Shramkivska
UA7104|Великохутірська|UA7104001|Velykokhutirska
UA7104|Вознесенська|UA7104003|Voznesenska
UA7104|Золотоніська|UA7104009|Zolotoniska
UA7104|Зорівська|UA7104011|Zorivska
UA7102|Бужанська|UA7102001|Buzhanska
UA7102|Катеринопільська|UA7102015|Katerynopilska
UA7102|Лип'янська|UA7102017|Lypianska
UA7102|Лисянська|UA7102019|Lysianska
UA7102|Матусівська|UA7102021|Matusivska
UA7102|Мокрокалигірська|UA7102023|Mokrokalyhirska
UA7102|Селищенська|UA7102025|Selyshchenska
UA7102|Шевченківська|UA7102031|Shevchenkivska
UA7102|Шполянська|UA7102033|Shpolianska
UA7102|Стеблівська|UA7102027|Steblivska
UA7102|Тальнівська|UA7102029|Talnivska
UA7102|Ватутінська|UA7102003|Vatutinska
UA7102|Вільшанська|UA7102007|Vilshanska
UA7102|Водяницька|UA7102009|Vodianytska
UA7102|Виноградська|UA7102005|Vynohradska
UA7102|Єрківська|UA7102011|Yerkivska
UA7102|Звенигородська|UA7102013|Zvenyhorodska
